September	Sun	27	1:00 PM	3:00 PM	Manzanitas	Indy Singer Songwriter
			6:00 PM	9:00 PM	Karen Segal	Jazz Exploration
September	Mon	28	6:00 PM	10:00 PM	Game Night	MTG, Video Games, Board Games
September	Tue	29	6:00 PM	10:00 PM	Private Event	Closed
September	Wed	30	6:00 PM	9:00 PM	OAH Jazz Jam	Weekly Jazz Jam
October	Thu	1	6:30 PM	8:00 PM	Trivia Night	Trivia Night
October	Fri	2	4:00 PM	6:00 PM	Francisco Rosales	Piano and Friends
			6:30 PM	9:30 PM	El Guajiro	Latin classics with a Cuban twist
			10:00 PM	12:00 AM		
October	Sat	3	1:00 PM	3:00 PM	Alie Halla with Holly Restani	original harmony-rich Americana
			4:00 PM	6:00 PM	Stevie Cornell Explosion	Retro pop, singer songwriter
			6:30 PM	7:30 PM	Acoustic Son	Acoustic Rock
			8:00 PM	9:30 PM		
			10:00 PM	12:00 AM		
October	Sun	4	12:00 PM	1:00 PM	James Napoli	Classical Piano/ Rock Pop 
			2:00 PM	4:00 PM	Na Wahine	Hawaiian
			6:00 PM	9:00 PM	Ultra Combo: VGM	Jazz
October	Mon	5	6:00 PM	10:00 PM	Game Night	MTG, Video Games, Board Games
October	Tue	6	6:00 PM	10:00 PM	Karaoke Nights	Eat Drink Sing w/KJ HawK
October	Wed	7	6:00 PM	9:00 PM	OAH Jazz Jam	Weekly Jazz Jam
October	Thu	8	6:00 PM	10:00 PM	DJ Pin Drop	Jukebox Night
October	Fri	9	4:00 PM	6:00 PM	Peter Lindman	Americana/Popular Music of the '60s
			6:30 PM	9:30 PM	Hop Sauce	Funk, Groove & Jam
			10:00 PM	12:00 AM		
October	Sat	10	1:00 PM	3:00 PM	Bernie Bagshaw	Jazz, Latin, pop
			4:00 PM	6:00 PM	The Nimbles	Modern Groove
			6:30 PM	7:30 PM	The Jazz Beaus	Jazz
			8:00 PM	9:30 PM	Alexis Tsamoudakis	Jazz
			10:00 PM	12:00 AM	Disco Daddy Record Party	Disco Daddy’s Dance Party
October	Sun	11	1:00 PM	3:00 PM	Sketchy At Best	Improv
			6:00 PM	9:00 PM	Dr. Mandu Jazz Collaborative	Swing, Blues, Latin, Funk
October	Mon	12	6:00 PM	10:00 PM	Game Night	MTG, Video Games, Board Games
October	Tue	13	6:00 PM	10:00 PM	Turntabe Tuesday	Vinyl Spin Night
October	Wed	14	6:00 PM	9:00 PM	OAH Jazz Jam	Weekly Jazz Jam
October	Thu	15	6:00 PM	10:00 PM		
October	Fri	16	4:00 PM	6:00 PM	Peter Lindman	Americana/Popular Music of the Sixties
			6:30 PM	9:30 PM	Schleptet Klienman	Jazz and Funky Out-There Stuff
			10:00 PM	12:00 AM		
October	Sat	17	1:00 PM	3:00 PM	Roderick Garcia	60s through current Pop covers
			4:00 PM	6:00 PM	Alie Halla	Original Americana
			6:30 PM	7:30 PM	Danielle spandau	Global Groove 
			8:00 PM	9:30 PM	Mark Heringer	pop, hip-hop frameworks, blues, reggae, and dub concepts
			10:00 PM	12:00 AM		
October	Sun	18	1:00 PM	3:00 PM	The Karney Band	Folk Rock Americana
			6:00 PM	9:00 PM	Furey Brothers	Jazz Fusion Funk
October	Mon	19	6:00 PM	10:00 PM	Game Night	MTG, Video Games, Board Games
October	Tue	20	6:00 PM	10:00 PM	Karaoke Nights	Eat Drink Sing w/KJ HawK
October	Wed	21	6:00 PM	9:00 PM	OAH Jazz Jam	Weekly Jazz Jam
October	Thu	22	6:00 PM	10:00 PM		
October	Fri	23	4:00 PM	6:00 PM	Tandem Sidecar	American, Pop and Originals
			6:30 PM	9:30 PM	Sidewinders	Friday Night Social Jazz
			10:00 PM	12:00 AM		
October	Sat	24	1:00 PM	3:00 PM	Small Town Depression	American, Pop and Originals
			4:00 PM	6:00 PM	Stray Muse	Modern Folk Rock
			6:30 PM	7:30 PM	Trixie Rasputin	Modern lounge piano and vocals
			8:00 PM	9:30 PM	Christopher Hawley	Roots Music
			10:00 PM	12:00 AM	Disco Daddy Record Party	Disco Daddy’s Dance Party
October	Sun	25	1:00 PM	3:00 PM	Tomfoolery	blues, jazz, folk, and rock
			6:00 PM	9:00 PM	Karen Segal	Jazz Exploration
October	Mon	26	6:00 PM	10:00 PM	Game Night	MTG, Video Games, Board Games
October	Tue	27	6:00 PM	10:00 PM	Taco Tuesday	Delicious Tacos and Latin Band
October	Wed	28	6:00 PM	9:00 PM	OAH Jazz Jam	Weekly Jazz Jam
October	Thu	29	6:30 PM	8:00 PM		
October	Fri	30	4:00 PM	6:00 PM		
			6:30 PM	9:30 PM	Comedy	Comedy Night
			10:00 PM	12:00 AM		
October	Sat	31	1:00 PM	3:00 PM	Market Supply	Reggae/New Wave
			4:00 PM	6:00 PM		
			6:30 PM	7:30 PM	Treacherous French Halloween Bash	Folk Rock
			8:00 PM	9:30 PM		
			10:00 PM	12:00 AM		
